Municipality,State,Latitude,Longitude
South Bend,IN,41.6764,-86.25
Kalamazoo,MI,42.2917,-85.5872
Boise,ID,43.615,-116.2023
Missoula,MT,46.8721,-113.9966
Sacramento,CA,38.5816,-121.4944
Modesto,CA,37.6391,-120.9969
McLean,VA,38.9339,-77.1773
New York,NY,40.7128,-74.006
Stamford,CT,41.0534,-73.5387
Philadelphia,PA,39.9526,-75.1652
Wall,NJ,40.1654,-74.0665
Tuckerton,NJ,39.6032,-74.3402
Ashburn,VA,39.0438,-77.4875
Baltimore,MD,39.2904,-76.6122
Boston,MA,42.3601,-71.0589
San Luis Obispo,CA,35.2828,-120.6596
Los Angeles,CA,34.0522,-118.2437
San Francisco,CA,37.7749,-122.4194
San Jose,CA,37.3382,-121.8863
Sunnyvale,CA,37.3688,-122.0363
Seattle,WA,47.6062,-122.3321
Yakima,WA,46.6021,-120.5059
Portland,OR,45.5152,-122.6765
Bandon,OR,43.119,-124.4098
Salt Lake City,UT,40.7608,-111.891
Ogden,UT,41.223,-111.9738
El Paso,TX,31.7619,-106.485
Albuquerque,NM,35.0844,-106.6504
Las Vegas,NV,36.1699,-115.1398
San Bernardino,CA,34.1083,-117.2898
San Diego,CA,32.7157,-117.1611
Tustin,CA,33.7459,-117.8265
Riverside,CA,33.9533,-117.3962
Phoenix,AZ,33.4484,-112.074
Tucson,AZ,32.2226,-110.9747
Cheyenne,WY,41.14,-104.8202
Denver,CO,39.7392,-104.9903
Fort Worth,TX,32.7555,-97.3308
San Antonio,TX,29.4241,-98.4936
Laredo,TX,27.5306,-99.5075
McAllen,TX,26.2034,-98.23
Corpus Christi,TX,27.8006,-97.3964
Harlingen,TX,26.1906,-97.6961
Austin,TX,30.2672,-97.7431
Reno,NV,39.5296,-119.8138
Minneapolis,MN,44.9778,-93.265
Des Moines,IA,41.5868,-93.6091
Davenport,IA,41.5236,-90.5776
Omaha,NE,41.2565,-95.9345
Kansas City,MO,39.0997,-94.5786
St. Louis,MO,38.627,-90.1994
Tulsa,OK,36.154,-95.9928
Oklahoma City,OK,35.4676,-97.5164
Stratford,TX,36.3361,-102.0721
Houston,TX,29.7604,-95.3698
Birmingham,AL,33.5186,-86.8025
Billingsley,AL,32.6601,-86.7114
Memphis,TN,35.1495,-90.049
Chicago,IL,41.8781,-87.6298
Indianapolis,IN,39.7684,-86.1581
Nashville,TN,36.1627,-86.7816
Madison,WI,43.0731,-89.4012
Milwaukee,WI,43.0389,-87.9065
Jacksonville,FL,30.3322,-81.6557
Tallahassee,FL,30.4383,-84.2807
Orlando,FL,28.5383,-81.3792
Miami,FL,25.7617,-80.1918
Tampa,FL,27.9506,-82.4572
Fort Meyers,FL,26.6406,-81.8723
Atlanta,GA,33.749,-84.388
Augusta,GA,33.4735,-81.9748
Charlotte,NC,35.2271,-80.8431
Richmond,VA,37.5407,-77.436
Norfolk,VA,36.8508,-76.2859
Raleigh,NC,35.7796,-78.6382
Cleveland,OH,41.4993,-81.6944
Akron,OH,41.0814,-81.519
Detroit,MI,42.3314,-83.0458
Toledo,OH,41.6528,-83.5552
Cincinnati,OH,39.1031,-84.512
Columbus,OH,39.9612,-82.9988
Buffalo,NY,42.8864,-78.8784
Pittsburgh,PA,40.4406,-79.9959
Albany,NY,42.6526,-73.7562
Newark,NJ,40.7357,-74.1724
Dallas,TX,32.7767,-96.797
Wichita,KS,37.6872,-97.3301
Herndon,VA,38.9696,-77.3861
Cambridge,MA,42.3736,-71.1097
Hayward,CA,37.6688,-122.0808
Emeryville,CA,37.8313,-122.2852
Goodyear,AZ,33.4353,-112.3582
